{
  "ph": {
    "slope": -69.19492197670657,
    "offset": 161.1849491772302
  },
  "tds": {
    "slope": 1.0,
    "offset": 0.0
  },
  "do": {
    "slope": 8.31257928063784,
    "offset": -0.2881372730888918
  }
}