{
  "ph": {
    "slope": -5.7,
    "offset": 21.0
  },
  "tds": {
    "slope": 1.0,
    "offset": 0.0
  },
  "do": {
    "slope": 8.31257928063784,
    "offset": -0.2881372730888918
  }
}
