{
  "ph": {
    "slope": 4.229248569221952,
    "offset": 0.053521708024045246
  },
  "tds": {
    "slope": 1.0,
    "offset": 0.0
  },
  "do": {
    "slope": 1.0,
    "offset": 0.0
  }
}