{
  "height": {
    "best_model": "Random Forest",
    "r2_test": 0.9873049803008381,
    "mae_test": 0.4953362068965514,
    "rmse_test": 0.7378194749301524,
    "cv_mean": 0.9914488912883332,
    "cv_std": 0.0014271087969592914
  },
  "weight": {
    "best_model": "Random Forest",
    "r2_test": 0.9547216099839917,
    "mae_test": 1.5986206896551725,
    "rmse_test": 2.0297477336036036,
    "cv_mean": 0.9712892828211579,
    "cv_std": 0.006407665424517744
  },
  "leaves": {
    "best_model": "Gradient Boosting",
    "r2_test": 0.9691055612442062,
    "mae_test": 15.855175955996955,
    "rmse_test": 21.801285797782853,
    "cv_mean": 0.9812441275253393,
    "cv_std": 0.004661763707884336
  },
  "branches": {
    "best_model": "Random Forest",
    "r2_test": 0.9226864482304157,
    "mae_test": 2.7167241379310343,
    "rmse_test": 3.7820250915486335,
    "cv_mean": 0.9458875021958306,
    "cv_std": 0.011191823311030993
  }
}